{"cameraMode":{"drawMode":0,"name":"Shaded","section":"Shading Mode"},"sceneLighting":false,"audioPlay":false,"sceneViewState":{"showFog":true,"showMaterialUpdate":false,"showSkybox":false,"showFlares":true,"showImageEffects":true,"showParticleSystems":true,"showVisualEffectGraphs":true,"m_FxEnabled":true},"in2DMode":false,"pivot":{"x":27.706974029541017,"y":29.251930236816408,"z":100.27275085449219},"rotation":{"x":0.19370125234127046,"y":0.6383844017982483,"z":-0.17050211131572724,"w":0.7251996994018555},"size":144.77713012695313,"orthographic":false}