{"cameraMode":{"drawMode":0,"name":"Shaded","section":"Shading Mode"},"sceneLighting":false,"audioPlay":false,"sceneViewState":{"showFog":true,"showMaterialUpdate":false,"showSkybox":false,"showFlares":true,"showImageEffects":true,"showParticleSystems":true,"showVisualEffectGraphs":true,"m_FxEnabled":true},"in2DMode":false,"pivot":{"x":0.32805895805358889,"y":2.0295705795288088,"z":-1.1703548431396485},"rotation":{"x":0.005913771688938141,"y":0.9932011365890503,"z":-0.05847739055752754,"w":0.10045541077852249},"size":13.96410846710205,"orthographic":true}