{"cameraMode":{"drawMode":0,"name":"Shaded","section":"Shading Mode"},"sceneLighting":false,"audioPlay":false,"sceneViewState":{"showFog":true,"showMaterialUpdate":false,"showSkybox":false,"showFlares":true,"showImageEffects":true,"showParticleSystems":true,"showVisualEffectGraphs":true,"m_FxEnabled":true},"in2DMode":false,"pivot":{"x":0.25209319591522219,"y":3.3508081436157228,"z":-5.953982353210449},"rotation":{"x":0.062954843044281,"y":0.010478971526026726,"z":-0.0006610488053411245,"w":0.9979609847068787},"size":1.1114377975463868,"orthographic":false}