{"cameraMode":{"drawMode":0,"name":"Shaded","section":"Shading Mode"},"sceneLighting":false,"audioPlay":false,"sceneViewState":{"showFog":true,"showMaterialUpdate":false,"showSkybox":false,"showFlares":true,"showImageEffects":true,"showParticleSystems":true,"showVisualEffectGraphs":true,"m_FxEnabled":true},"in2DMode":false,"pivot":{"x":0.46388188004493716,"y":-1.559877872467041,"z":-3.5411453247070314},"rotation":{"x":0.4731658399105072,"y":-0.042256519198417667,"z":0.02272937260568142,"w":0.8796671628952026},"size":3.9241435527801515,"orthographic":false}